food_name,food_group,serving_size_g,energy_kcal,carbohydrates_g,sugars_g,fiber_g,protein_g,total_fat_g,saturated_fat_g,unsaturated_fat_g,trans_fat_g,cholesterol_mg,sodium_mg,vitamin_A_percent_DV,vitamin_C_percent_DV,calcium_percent_DV,iron_percent_DV,potassium_mg,baseline_nutritional_score,baseline_safety_score,baseline_quality_score,storage_type,shelf_life_days
Lard,fats_oils,22,166,0.0,0.0,0.0,0.0,22.441565542369915,14.991971444615473,13.484296520079681,0.061673192334121746,26,21,7,0,1,0,5,7,9,9,ambient,71
Turkey,meat,109,178,0.0,0.0,0.0,32.75803391492158,21.560958294193487,5.702811733091252,4.450045820371062,0.3918833542189369,84,89,5,0,3,28,375,8,7,7,frozen,221
Bran Cereal,cereals,85,130,20.6477078105466,15.2207600452482,2.5477529328154,2.690017510177835,4.649996384902414,0.4971490854985028,2.7301741086715436,0.0,3,295,4,4,18,30,155,9,9,7,dry,197
Ham,meat,147,240,0.0,0.0,0.0,25.771828555086902,25.46720340353795,9.027343590015773,4.88595312807532,0.14909911081981836,144,169,8,0,2,27,469,9,7,8,frozen,299
Sesame Oil,fats_oils,26,180,0.0,0.0,0.0,0.0,14.640576326016404,6.8523777696201424,19.092599851373798,0.11751178534918832,2,75,2,0,0,2,41,5,10,9,ambient,36
Strawberries,fruits,195,51,26.374398413877074,20.609603660545986,2.5794409325427807,1.6276047806185912,0.2877606431591686,0.045832148771786416,0.25631888818612203,0.0,0,3,20,35,7,9,380,7,9,9,refrigerated,20
Whole Milk,dairy,202,290,9.491273734116774,10.569841613783689,0.0,22.765423401989807,2.196110263837138,8.874749061251604,1.3452828309702891,0.016827315868765434,42,120,24,0,43,4,204,9,10,8,refrigerated,12
Cauliflower,vegetables,133,33,17.660691620274825,6.273150205360723,2.863212039995946,2.3324363533366825,0.7596559570512729,0.16549065714540856,0.3111907618059324,0.0,0,6,42,69,14,12,370,10,10,8,refrigerated,12
Pinto Beans,legumes,142,190,19.106697874742213,2.320139423969931,13.126229908513757,10.474497851972945,9.25261277281303,0.5873622420128467,4.195964177822633,0.0,0,33,3,2,13,19,485,6,10,8,dry,252
Apple,fruits,189,97,13.041374091781883,28.75464952791514,7.860653681792034,1.83284636965125,0.17009803937450116,0.20307023936191312,0.6355766086712941,0.0,0,5,2,99,7,4,401,7,8,10,refrigerated,25
Millet,cereals,31,301,43.44337404607984,17.790002471925057,5.803170251953981,6.621367641638189,1.0224666239655984,1.2752076845552451,2.5443514276759474,0.0,1,280,3,7,15,45,117,5,8,8,dry,239
Potato Chips,processed,110,267,23.90723005440501,14.375657910880784,1.998370640736576,4.924935596601596,9.801553456547982,13.947634332307475,8.65821110325404,0.009829885657045567,25,677,9,3,6,18,228,5,7,5,ambient,51
Lamb,meat,200,286,0.0,0.0,0.0,29.84068576112596,15.48612520700741,11.26236821535113,3.0588705111598813,0.06203324272229527,116,61,5,0,3,30,419,9,7,7,frozen,178
Blueberries,fruits,116,105,18.364242712236695,17.964617172300507,6.452921556382435,0.548070936354798,0.6623443629730266,0.1626406510693127,0.48034172300752964,0.0,0,3,23,143,1,8,243,7,8,9,refrigerated,18
Margarine,fats_oils,29,203,0.0,0.0,0.0,0.0,16.45348121758574,11.623256604507274,10.819461402128857,0.05156383123765541,21,61,14,0,2,2,7,7,9,8,ambient,42
Watermelon,fruits,143,101,33.82246815354358,12.385240424969723,3.506258030757296,1.7323433230224208,0.32653085954092737,0.07864537207307248,0.1047379163634915,0.0,0,4,23,125,5,0,238,10,8,7,refrigerated,16
Lentils,legumes,130,139,26.923983706711564,5.7957742045354355,11.401598248063952,12.766323403124465,6.49878074664777,0.22124833330065807,0.6922925106607454,0.0,0,28,3,4,7,10,478,7,10,9,dry,352
Lard,fats_oils,19,199,0.0,0.0,0.0,0.0,23.9808207063611,8.932634768034644,24.368431994900053,0.14252581479052034,27,83,13,0,2,1,42,5,10,9,ambient,146
Cucumber,vegetables,135,23,4.357351517703211,3.24932914854143,2.8950677102968303,3.924340645373116,0.44424065250199063,0.011387824697917638,0.22928315952623685,0.0,0,16,30,62,8,1,200,8,10,9,refrigerated,17
Canola Oil,fats_oils,16,228,0.0,0.0,0.0,0.0,19.775332653736662,4.455207235437092,17.87601920758859,0.15361056044268723,24,6,5,0,1,5,19,5,9,8,ambient,79
Watermelon,fruits,136,82,29.974475260152943,21.19355852936579,7.415085871093215,0.9051820004567798,0.17375085239286034,0.011927546066835448,0.5763219375413291,0.0,0,3,22,65,7,4,341,10,8,10,refrigerated,27
Crab,fish,120,215,0.0,0.0,0.0,20.556645960673993,7.119374337460672,3.2967476654031453,3.1805857935023765,0.0,64,88,8,5,0,19,584,8,8,6,frozen,159
Mackerel,fish,152,184,0.0,0.0,0.0,19.821333389308855,6.302679687969873,1.467878835558479,7.10638085691839,0.0,77,101,9,0,2,9,370,7,9,9,frozen,221
Lamb,meat,155,169,0.0,0.0,0.0,20.897104597413968,28.47087021442375,11.674498724684637,8.913211522006637,0.3995645924877032,98,180,1,0,4,14,494,9,7,8,frozen,131
Burger,processed,62,438,45.79882590011536,12.027978285924082,1.9270783149308133,2.227196995821552,27.182754789845855,13.646604150920233,7.615213116236003,1.4429934102054418,24,705,9,4,13,18,268,6,9,7,ambient,47
Sausage,meat,146,168,0.0,0.0,0.0,34.96080774616912,26.852894958727042,5.745710772360972,14.693580689913652,0.12510676644296864,112,61,3,0,3,13,443,8,9,9,frozen,203
Avocado Oil,fats_oils,25,195,0.0,0.0,0.0,0.0,13.925465854490152,11.096709488130248,14.175252950420298,0.16709146491899404,24,100,12,0,2,2,20,5,9,7,ambient,163
Beef Steak,meat,129,167,0.0,0.0,0.0,31.20807524059729,6.418808640698332,2.758479893528514,6.5096259629479745,0.4940068362786141,109,110,0,0,0,13,353,7,8,6,frozen,205
Butter,dairy,113,220,8.261626121147744,6.529390893089059,0.0,22.770890817155063,17.941705239011746,7.8662560899431675,2.4166237011946645,0.14546726443654107,12,52,14,2,32,2,179,9,7,7,refrigerated,21
Cheddar Cheese,dairy,213,192,3.0963260444126885,4.528635618637267,0.0,24.98015924336443,18.551407488035373,1.1178240515770903,3.3731253218856128,0.20178605411640296,40,168,11,5,34,1,246,8,8,7,refrigerated,16
Tomatoes,vegetables,110,27,15.17897217048599,6.96161041774247,2.6010808598640125,4.573209124786741,0.9883612245246214,0.05812753776466604,0.3243101117059788,0.0,0,3,49,66,8,12,311,10,8,8,refrigerated,20
Mackerel,fish,117,262,0.0,0.0,0.0,18.799727985264344,19.717625435963697,4.644555760546092,8.83746358827288,0.0,74,78,15,3,8,19,492,8,7,9,frozen,210
Spinach,vegetables,119,16,5.386961690024946,2.9914134009444795,3.2232229395524254,2.164376037849987,0.17530896642747362,0.16659734991291686,0.17889489174780548,0.0,0,5,26,64,26,25,430,7,8,8,refrigerated,24
Tomatoes,vegetables,101,39,12.186673157188602,1.7837218536030175,3.329268749755069,2.728111153745501,0.43093462965824214,0.19512852678669637,0.37379312303813483,0.0,0,45,21,45,9,4,150,8,10,7,refrigerated,16
Sardines,fish,152,187,0.0,0.0,0.0,18.629047525459317,11.34679273160504,1.3176528613041372,7.586566857570951,0.0,60,113,12,3,1,19,314,6,8,6,frozen,307
Cream,dairy,173,189,8.23641823389459,7.632485811807044,0.0,16.465707373672544,12.171603319773478,10.286314956892454,2.9836894945695795,0.02936512043248105,36,118,7,3,46,1,360,7,9,7,refrigerated,30
Ham,meat,117,310,0.0,0.0,0.0,34.5079308202555,28.040363214552617,7.60515465903454,6.500169852052692,0.32759868696552696,54,127,4,0,3,24,400,8,9,8,frozen,303
Cottage Cheese,dairy,240,252,5.328535985016567,8.111161520287485,0.0,7.498116669899466,2.789835814123417,4.74294501364535,2.7867799811544494,0.07130419799726305,16,174,7,3,20,1,255,6,7,8,refrigerated,15
Turkey,meat,170,208,0.0,0.0,0.0,21.743669823074686,29.932245817243242,4.629687311243785,6.700016349754671,0.1662112141078505,52,78,7,0,0,24,344,8,9,6,frozen,153
Skim Milk,dairy,241,169,7.896290561052561,2.507626550594816,0.0,15.061270276900736,4.96639467058556,3.860300618366561,2.727823229689886,0.23381070185784136,15,181,20,4,21,0,320,5,9,6,refrigerated,15
Sausage,meat,125,274,0.0,0.0,0.0,32.15052930387665,6.2805476537835565,3.384491296865864,6.49620254990011,0.07571498024530693,123,186,7,0,5,10,397,6,9,7,frozen,272
Mango,fruits,120,126,18.103283717224613,23.462833905186532,2.3255195001988422,0.6958810394140766,0.9114392892232802,0.0007580166686208201,0.27461651290603795,0.0,0,5,23,149,1,6,400,10,8,8,refrigerated,13
Almonds,legumes,107,111,31.338882964327745,5.6957885034563285,5.31522779646928,13.515840092138248,1.2891276381970576,1.0322662396014874,3.1751685865918917,0.0,0,7,8,11,3,13,408,5,9,9,dry,264
Sesame Oil,fats_oils,17,192,0.0,0.0,0.0,0.0,18.98680168185497,9.622374414675008,23.984735740038325,0.2856117501904042,30,90,8,0,1,3,29,5,8,8,ambient,45
Duck,meat,144,250,0.0,0.0,0.0,27.389477956740762,19.56654721338065,5.545638729969085,13.559695562134054,0.14811284568991073,130,129,6,0,4,25,464,7,7,7,frozen,200
Pizza,processed,55,469,32.08584293675439,31.13849227663031,1.1750147299549483,4.630222494678553,5.75380394612328,12.943278294471416,7.44481636931614,0.2600409163680688,19,220,4,1,10,17,163,6,7,7,ambient,162
Sesame Oil,fats_oils,26,146,0.0,0.0,0.0,0.0,19.423680177591528,12.983340894609867,17.69783030487517,0.1385164289249844,24,83,4,0,1,3,26,6,9,6,ambient,34
Lamb,meat,128,350,0.0,0.0,0.0,30.082184834178385,5.319060148590664,5.24544165425424,12.809025105243201,0.4120319602614136,136,89,5,0,0,15,490,7,8,6,frozen,199
Donut,processed,116,443,34.60126340131333,25.37400252115179,0.35411691145413404,4.358751052774071,19.380526232955106,5.953082198091737,7.973535745863062,1.183336632757444,41,327,2,1,15,8,50,6,10,7,ambient,46
Butter,dairy,230,113,11.781311680439497,7.601067245912209,0.0,19.852723781156286,6.344010403577243,9.42604561819488,4.8319499677439515,0.21240073573345306,45,95,19,1,40,5,159,9,7,8,refrigerated,15
Cheddar Cheese,dairy,103,205,6.735253176920557,4.393203524362671,0.0,12.69022001728673,15.807834489679745,6.704852048557822,1.9940124858690869,0.2549826336125899,49,64,6,2,33,5,322,5,10,7,refrigerated,12
Soybeans,legumes,142,151,32.71102015952876,4.010278874954531,13.09772631895724,7.963005151094815,2.533369771139358,1.1937207072132465,7.779316993987597,0.0,0,20,1,6,5,18,403,8,10,9,dry,257
Veal,meat,151,229,0.0,0.0,0.0,30.68741957384418,20.367346703601267,7.721299935927444,2.43696901095983,0.33464418733811585,85,135,0,0,2,23,380,9,8,6,frozen,364
Cucumber,vegetables,95,40,14.119881011816743,4.0185718768505225,4.890268618963464,1.2567184720686853,0.46598527226021014,0.07452348400750686,0.46895720340308517,0.0,0,24,38,48,14,1,322,10,10,7,refrigerated,22
Pinto Beans,legumes,121,183,33.010132766631344,4.556540011882317,12.839987635014573,7.771064888799158,8.855686723452697,1.4771472189161314,1.593938835734606,0.0,0,33,1,12,6,19,308,7,8,7,dry,306
Avocado Oil,fats_oils,22,227,0.0,0.0,0.0,0.0,21.6145814567579,7.471639901665631,17.53587480806504,0.2797309317624774,8,72,2,0,1,5,27,5,9,6,ambient,126
Strawberries,fruits,132,118,10.340463817874344,29.004025988594563,2.661112055102455,1.0743051885771644,0.9370347038041321,0.17103762712408185,0.3002885775351973,0.0,0,2,7,84,0,6,230,8,9,9,refrigerated,22
Spinach,vegetables,128,16,5.760813131560619,8.768732837095971,6.842749910146422,2.2184726819439504,0.8339255556691633,0.1899499150295772,0.23399740755494586,0.0,0,41,55,120,21,16,208,10,8,7,refrigerated,13
Pineapple,fruits,154,108,23.965780670375125,17.860609461104396,7.208432979442917,1.2209205922367579,0.6225919727715364,0.08814238086352055,0.0672024443152739,0.0,0,0,18,110,8,0,353,10,9,7,refrigerated,12
Kale,vegetables,87,23,19.538431411228707,2.5637930569493115,4.7328025413688035,1.6724307333823165,0.611866983600663,0.07054958001614094,0.31462738073673957,0.0,0,37,185,116,7,24,329,10,10,8,refrigerated,17
Tilapia,fish,173,282,0.0,0.0,0.0,20.206680107283557,6.420838488771695,2.540521802539744,10.757398838399432,0.0,53,82,11,5,9,10,397,6,8,6,frozen,266
Trout,fish,176,306,0.0,0.0,0.0,27.86895838170898,19.097163054287954,2.582325175180256,7.115781421160726,0.0,50,124,3,3,8,12,468,9,7,7,frozen,231
Coconut Oil,fats_oils,16,179,0.0,0.0,0.0,0.0,13.56642398202106,16.18275618488358,23.357275764722715,0.11424678189355342,23,28,3,0,0,0,3,7,8,9,ambient,32
French Fries,processed,89,452,34.70268933936639,15.983579556849888,1.7159412480440606,3.160730276053302,23.914613922723277,12.183404513894597,7.562468314796227,0.9440538841560593,19,373,10,2,12,3,125,6,7,8,ambient,77
Yogurt,dairy,186,159,6.466912272107708,2.957599079354954,0.0,22.624506921872353,15.638755707403991,8.185068594313808,0.7552001488634903,0.2632616523172386,14,177,11,0,35,0,287,6,9,8,refrigerated,21
Black Beans,legumes,144,159,26.734455209994938,1.6149068812841416,5.147163686816713,15.93489800140989,5.213929454839266,0.9296875140337951,3.269682416075698,0.0,0,12,6,8,3,29,412,6,10,6,dry,320
Sunflower Oil,fats_oils,21,177,0.0,0.0,0.0,0.0,20.803924643336025,3.692469377679311,18.194459012924582,0.28812318282697535,16,58,6,0,2,5,46,7,9,7,ambient,148
Greek Yogurt,dairy,168,271,7.4635923872050505,2.219574433473997,0.0,7.437325697987706,7.68785807921858,7.781613810039289,3.6371338830301045,0.0946809919225384,11,81,10,1,37,4,343,9,7,6,refrigerated,22
Ice Cream,processed,102,400,46.21059404910871,27.107764099957084,2.750120642408166,3.6173786773250374,16.34470119547654,5.971553728200198,8.520762176683842,1.4417227696036032,28,630,0,3,8,10,156,3,7,5,ambient,122
Spinach,vegetables,148,19,11.306213702983772,4.39357296320699,3.2404626239771384,3.957751550203533,0.11836985605994707,0.19538951800710552,0.44340247785917064,0.0,0,10,63,21,15,19,378,8,10,9,refrigerated,13
Blueberries,fruits,139,104,26.80197371667082,25.734793198983795,7.810786705531774,1.1457465035281553,0.5630197377170464,0.1312700776459061,0.6585698327529961,0.0,0,1,13,142,1,0,455,9,10,7,refrigerated,15
Avocado Oil,fats_oils,22,221,0.0,0.0,0.0,0.0,13.487965879388476,13.819000493697919,15.11948225657637,0.09726181880829572,25,29,2,0,2,1,45,5,10,6,ambient,64
Lentils,legumes,143,103,26.178587082228194,3.8159988347846174,5.391287234259706,18.347095258816765,4.52446782960206,0.9168508795018961,6.616958976270284,0.0,0,37,7,4,13,28,322,6,8,9,dry,288
Salmon,fish,127,324,0.0,0.0,0.0,21.89088258470287,8.601098848352079,1.512690262706649,14.058706662681796,0.0,62,76,6,0,2,17,368,6,6,6,frozen,185
Tilapia,fish,111,289,0.0,0.0,0.0,29.12403820967947,5.418819912742867,1.0549688204195249,9.09041570383278,0.0,62,134,4,4,0,5,463,9,9,7,frozen,236
Cream,dairy,147,123,13.240535583003439,11.784568300355927,0.0,15.42518207888264,11.415403550974473,2.383666387486046,1.8016299713926296,0.1378360723074862,31,187,14,4,42,0,319,5,8,8,refrigerated,7
Kiwi,fruits,187,82,26.41442392106377,11.552297398164953,4.440791523067384,0.5432733737106157,0.4758220708254244,0.017262313882179258,0.4955212609355181,0.0,0,1,5,135,6,3,460,8,9,7,refrigerated,16
Carrots,vegetables,89,88,14.23925967477476,6.419510935694317,7.135800282398986,1.4470169590910427,0.3469724150232256,0.062452382216834385,0.28761484479516863,0.0,0,35,3,16,7,5,106,9,9,7,refrigerated,12
Ice Cream,processed,65,227,15.442024635499648,37.38395483883412,0.025080308646755256,3.392259249822945,11.500342458474691,5.488707831129814,3.1100544944720814,0.4269397027102515,36,291,6,5,5,17,272,5,10,5,ambient,79
Cookies,processed,111,331,27.799864795357742,36.98417931174897,1.9665519854396587,1.7930770585785853,25.758564427180666,8.097554213096512,4.512616356909936,0.5667985140445531,30,557,9,4,7,19,203,3,7,5,ambient,121
Tilapia,fish,126,156,0.0,0.0,0.0,27.53002938741097,10.82189917681591,2.778379789830129,9.063693430945895,0.0,99,89,1,1,2,7,447,8,8,6,frozen,198
Canola Oil,fats_oils,18,159,0.0,0.0,0.0,0.0,19.078352990786325,15.716998026480706,11.382633726230356,0.014996246823484938,11,25,5,0,1,5,16,6,10,7,ambient,144
Crab,fish,170,153,0.0,0.0,0.0,28.37656349864226,17.050589079671724,2.007676994423958,10.614401885306496,0.0,66,113,0,2,2,19,569,7,8,7,frozen,292
Tomatoes,vegetables,147,44,11.015119353801024,9.063347622495739,6.731944628360191,2.6518536895911953,0.7691398463904139,0.07308887233376098,0.26666148250548904,0.0,0,49,6,66,2,15,310,8,10,10,refrigerated,28
Peas,legumes,106,104,36.3679193514309,4.248682342429792,6.035781456484266,17.650053776129557,6.52852177734156,0.20639289139763667,7.181660754959031,0.0,0,24,10,1,6,14,341,9,10,9,dry,206
Whole Wheat Bread,cereals,63,315,48.109396264764975,10.385240539720233,4.902832601520775,10.952647281607588,2.4041297744317935,1.1317863257712544,1.2346184385363155,0.0,0,172,6,6,4,28,280,7,8,7,dry,295
Coconut Oil,fats_oils,30,241,0.0,0.0,0.0,0.0,19.210924829038373,9.413425912616225,15.513390959552405,0.20132818229329041,2,15,5,0,2,3,22,5,9,8,ambient,108
Chocolate Bar,processed,60,455,38.44417720116297,9.030681187503394,1.4435591679223854,7.475073221907294,13.9585838764449,6.147324958088129,6.493560024522726,1.2079238377036077,32,400,5,5,8,12,259,5,9,7,ambient,31
Coconut Oil,fats_oils,15,235,0.0,0.0,0.0,0.0,19.173712027492236,11.481442888185008,24.93532743661869,0.279066722992114,15,18,9,0,2,3,18,8,9,6,ambient,41
Pineapple,fruits,104,116,39.61870828450444,27.009593821893308,5.603909158055951,1.1742194666514243,0.6965834812419591,0.12427890381235394,0.2065611018479201,0.0,0,3,18,43,8,0,428,7,10,7,refrigerated,24
Grapes,fruits,169,57,31.89436499770739,26.46696834985602,3.8883619531745404,0.9083154789569714,0.7763355677859035,0.0026094533616693115,0.6285584934243699,0.0,0,1,14,88,10,10,381,8,8,7,refrigerated,19
Tomatoes,vegetables,115,78,15.863726963949562,7.680010149753941,2.821476908025489,3.280295087955423,0.7024922817807411,0.11985154023561302,0.13423475735129836,0.0,0,48,43,38,15,2,328,9,10,10,refrigerated,20
French Fries,processed,44,219,35.2693968719481,34.17842911655048,1.7601364188824755,4.278107547927016,23.888473343188945,3.912908730306283,4.261862664744684,0.7893539382991064,21,535,2,1,13,5,78,3,9,7,ambient,64
Cheddar Cheese,dairy,115,139,11.69051345537444,10.932666321205467,0.0,20.962093523815497,6.052399659157405,4.465900257988032,2.389005265934998,0.025764029246176733,40,92,5,3,47,3,394,5,7,9,refrigerated,30
Chicken Breast,meat,182,372,0.0,0.0,0.0,22.93268575159059,12.9512843041109,6.136169981569445,2.0586200054993697,0.2913088378555883,109,82,8,0,4,26,326,6,7,8,frozen,296
Cod,fish,120,274,0.0,0.0,0.0,24.617529487989383,6.509334723437298,4.210086891107641,14.025480189233456,0.0,43,132,14,5,9,16,591,6,8,8,frozen,259
Trout,fish,197,240,0.0,0.0,0.0,20.12979438217285,6.937966100575795,1.2650013605770303,13.14232849912813,0.0,54,128,5,0,9,20,417,9,7,6,frozen,184
Mango,fruits,122,89,10.004869095592602,23.112751715397238,6.644554356000255,1.0923764019041484,0.8105473917032071,0.2828689619385008,0.5953407511977816,0.0,0,3,24,129,0,10,403,8,9,7,refrigerated,17
Olive Oil,fats_oils,30,206,0.0,0.0,0.0,0.0,24.069669074648704,10.965344127148663,24.637705803946027,0.04741072362063142,0,36,14,0,2,4,7,6,8,6,ambient,34
Lobster,fish,163,256,0.0,0.0,0.0,19.8187377143504,9.336566828719075,4.204154184697442,7.819866498799193,0.0,98,146,10,1,3,10,442,6,9,6,frozen,271
Quinoa,cereals,59,137,60.21571022423372,3.5742516159570403,7.931187263430285,6.377839569867767,3.1258667442879484,0.3424741204058953,0.37777970766684416,0.0,5,296,3,5,9,44,238,9,7,8,dry,267
Cod,fish,165,344,0.0,0.0,0.0,22.37206858181793,5.930828581418396,2.883716199756819,14.081466482798282,0.0,54,123,0,3,5,17,523,8,9,7,frozen,345
Lard,fats_oils,24,160,0.0,0.0,0.0,0.0,19.82508075010347,7.4023282265232755,11.927698833800713,0.240725850286346,21,69,8,0,2,0,19,6,9,9,ambient,60
Butter,dairy,128,221,7.83198497326039,8.845796219658865,0.0,16.700760019702486,10.261871815151022,2.535927724232267,1.7420133068877783,0.07738021485406607,30,89,24,3,40,3,355,7,7,9,refrigerated,15
Ice Cream,processed,49,331,49.84308823199379,12.166220282061527,1.130633375262561,7.830271432293413,12.03213316903318,4.313535953310424,10.096109660442817,0.14411336822000353,45,450,9,0,1,9,90,5,8,5,ambient,53
Bell Peppers,vegetables,131,79,10.477318741581998,3.1342125518221033,3.135428294141012,1.5610645676812367,0.8659335359204041,0.08299169807556475,0.17762432462529054,0.0,0,36,49,66,15,13,397,7,8,8,refrigerated,10
Whole Wheat Bread,cereals,84,154,29.46520664173868,12.822369122871303,4.089929464339497,7.929547866573386,3.7946835002625217,1.377516033690563,0.9622817700011543,0.0,0,130,14,8,15,11,134,7,7,6,dry,251
Bacon,meat,151,222,0.0,0.0,0.0,29.84310227583274,14.85874890418494,6.811304019926731,8.369209383278383,0.042794869297660076,87,167,5,0,1,14,343,7,8,8,frozen,229
Ham,meat,176,152,0.0,0.0,0.0,33.34181074371824,11.259731096063668,4.546468992492434,6.891547022262152,0.2618223912536851,58,77,2,0,0,20,483,9,7,8,frozen,251
Yogurt,dairy,202,174,5.261696936034724,4.057559236077225,0.0,20.43395984440607,17.718082248471013,3.1549003052616658,4.048633993111408,0.21729775572439972,50,111,8,4,24,3,287,9,7,7,refrigerated,27
Tilapia,fish,173,268,0.0,0.0,0.0,23.99586107867607,18.846073796324184,2.3142747844349794,11.177937722918916,0.0,48,122,6,1,7,12,491,6,9,8,frozen,300
Kale,vegetables,140,24,16.29811630615425,5.932511026940044,5.943996067089229,3.3508689984670212,0.48206193671545294,0.07642700425045393,0.20950600911895834,0.0,0,45,114,70,11,23,425,10,8,7,refrigerated,26
Pizza,processed,146,172,15.50043058828596,38.59132342216565,2.690629173125782,9.862836927354511,16.32662453246879,7.621136464171758,10.257722686361213,1.6219054570852898,1,381,1,5,14,19,153,5,7,5,ambient,45
Kidney Beans,legumes,138,163,24.020156139536855,1.6882985507124708,6.29969481903438,15.05982069757683,3.3845959848428695,0.7803101495130514,5.998783634703302,0.0,0,19,5,1,4,13,312,7,7,7,dry,358
Lentils,legumes,109,210,32.995024325054686,7.958945208700245,8.886194663794466,9.51814370424767,9.059392781313312,1.1569719234155669,1.0196813090139252,0.0,0,41,3,8,12,11,587,7,8,7,dry,231
Whole Grain Pasta,cereals,39,133,42.131485283387235,14.753953035426886,6.587154070761758,6.260227828484139,1.2218304929357844,0.8537978496692298,2.2705413814535853,0.0,0,106,11,10,2,8,208,7,10,8,dry,229
Black Beans,legumes,146,178,17.78442343704863,3.3381579276328868,10.014309317132202,19.202334034723805,1.9696542184604193,0.96784495631261,6.925545811943774,0.0,0,11,8,15,5,30,406,6,10,6,dry,249
Yogurt,dairy,102,191,10.201044658369055,8.58232368098823,0.0,24.642613930887403,13.65958273906086,6.261542454943887,2.767364703063782,0.07686111125544343,21,136,13,5,45,2,377,6,8,8,refrigerated,13
Watermelon,fruits,127,120,33.43394763461468,29.866073095955187,2.1670343281433766,1.216195396274645,0.45234293012680626,0.1799841051833072,0.5257071832032103,0.0,0,2,20,80,3,6,343,8,9,9,refrigerated,15
Whole Grain Pasta,cereals,33,196,67.54114985299535,11.513894177397605,4.3326226493644855,9.306496610212218,1.1200212288428415,0.9575813934446765,0.3051942147173971,0.0,2,197,5,0,12,39,141,8,9,7,dry,325
Orange,fruits,181,88,17.42510815700428,13.980757873953436,6.46079808791227,1.969320850751009,0.6217699358209019,0.17071691197093036,0.5745022477282863,0.0,0,4,24,101,7,6,267,8,9,7,refrigerated,26
Sardines,fish,149,338,0.0,0.0,0.0,24.5912964576621,7.078698534923127,4.113170590896267,11.141780583690991,0.0,55,132,15,2,3,19,583,8,9,7,frozen,164
Skim Milk,dairy,208,195,11.320094021622463,4.845297478598969,0.0,10.548645526852647,17.29981653358083,8.016178075825454,4.087180085863039,0.04672866258711528,38,72,18,0,29,3,322,8,7,9,refrigerated,25
Millet,cereals,32,109,55.101670822436674,19.96264683142953,5.071135260985198,8.71604231412513,4.535515795310467,1.1541282417813719,1.7149729202654789,0.0,1,32,6,6,6,15,123,6,9,9,dry,302
Pinto Beans,legumes,118,115,18.39449376679067,1.8267233728806935,7.842122051259034,13.70444321815037,2.9527219130745217,0.30570464717826484,5.237952298991381,0.0,0,2,1,13,10,20,552,7,10,7,dry,297
Blueberries,fruits,139,108,30.209751935838675,9.960978277082113,7.500346506102785,0.668448454491205,0.3746882255113263,0.27268523375543763,0.3579173565694584,0.0,0,5,17,24,3,5,488,7,10,7,refrigerated,27
Beef Steak,meat,136,247,0.0,0.0,0.0,29.822524283762977,22.762636203780087,7.968441508418655,11.512343050986878,0.1372885597775778,120,141,8,0,3,18,378,9,8,6,frozen,228
Pineapple,fruits,194,144,30.45155049578972,14.939929646736179,7.3009331185073725,1.3412044810906638,0.32008625490774223,0.1957517009381716,0.17842928674853664,0.0,0,4,8,68,5,1,348,8,9,8,refrigerated,13
Watermelon,fruits,157,70,28.41415106394675,18.43012523338341,4.4995545099197045,1.8751374226927848,0.3968342959255011,0.2070567721082356,0.4064238227274341,0.0,0,3,19,127,0,9,285,9,10,7,refrigerated,13
Ice Cream,processed,113,158,17.001310213789353,27.478818282842518,0.23476106086749704,3.0138932236351867,17.058518149518655,6.190084215402166,5.797715846295762,1.7658360568425666,12,269,10,3,12,5,62,3,10,7,ambient,58
Hot Dog,processed,55,305,34.58224015414512,24.611189010940944,2.261238791543877,6.319499258969955,25.059925007150092,8.901104618312317,3.0558778592225684,0.4915675732457929,8,310,6,0,10,4,253,6,10,6,ambient,157
Whole Wheat Bread,cereals,44,223,22.91130280656386,8.498309053785126,2.115076219846875,2.044529686850643,4.305238966417717,1.3241633961946966,1.8401196896237566,0.0,5,266,10,2,3,4,279,9,9,8,dry,224
Peas,legumes,145,147,24.643560007285863,6.4290941894900895,10.383908590650805,17.207386519282093,5.732623565609392,0.26962861016468676,5.120855611849941,0.0,0,20,9,8,4,17,527,8,9,7,dry,263
Cream,dairy,233,165,11.751378318097178,6.029148061449041,0.0,17.041688908045153,16.744049339262048,2.341577220453527,2.6489151066315473,0.10552800819521373,44,165,14,2,20,2,300,8,9,7,refrigerated,8
Spinach,vegetables,109,18,12.648254228258995,8.265308871685754,3.761953745190098,2.657015279616211,0.10846634188123214,0.13062577437472025,0.4548132972954038,0.0,0,26,75,110,16,24,588,7,8,10,refrigerated,8
Mozzarella,dairy,170,244,9.149780957613006,7.866107789861666,0.0,14.102088122243334,4.314130218686118,11.800749799805937,2.94137013472653,0.2782354223805957,40,77,8,2,42,5,178,8,7,8,refrigerated,25
Lettuce,vegetables,122,16,15.014046615318195,1.3131018297375263,3.5174831317385866,3.7278406955723455,0.10202490790738275,0.15814781641715492,0.05427227845132391,0.0,0,36,49,93,19,24,462,9,10,9,refrigerated,18
Whole Wheat Bread,cereals,39,217,23.39377261340182,4.328438564042463,6.4855320339998626,9.033349555953254,2.575835848259576,0.20677777457760743,2.968583068716738,0.0,4,252,2,7,0,30,83,6,8,8,dry,268
Lentils,legumes,111,104,16.15219988201245,4.564425823738613,12.002889147360971,8.90617438021689,2.6321204036699384,0.12266545643611766,1.2259510562597369,0.0,0,47,0,12,6,13,512,9,7,7,dry,181
Brown Rice,cereals,78,189,40.29142897967295,3.7145265351197683,6.148691712550732,7.4301375774007985,0.7479307099419643,0.33934133967701546,0.3376957615779377,0.0,2,11,9,2,9,21,168,9,10,6,dry,365
Banana,fruits,103,104,26.42073205532139,11.843103464573836,3.8936537894858487,1.0294771083462113,0.6347295147947711,0.08338712555366481,0.2834227157912561,0.0,0,2,7,140,4,1,427,7,9,8,refrigerated,9
Lentils,legumes,143,235,37.59287716067115,4.665700504075497,11.102806056183972,14.74951639242245,4.648909360990259,0.5148559937352344,0.5694807745797941,0.0,0,2,3,9,14,14,340,8,7,8,dry,319
Duck,meat,123,207,0.0,0.0,0.0,28.61185384921268,29.083706142398974,3.236077900401884,6.372952538905047,0.06485573165830699,121,119,10,0,3,27,411,7,7,7,frozen,117
Canola Oil,fats_oils,20,143,0.0,0.0,0.0,0.0,21.566821808987306,9.802437940342838,17.217301691068975,0.14138269038304305,30,52,6,0,0,0,50,5,10,7,ambient,96
Chickpeas,legumes,148,188,25.522066944250454,6.616273213549109,11.497895803969122,7.885103636970841,6.595736153631091,0.17821284001246407,7.914006734224211,0.0,0,40,4,15,10,12,330,7,9,9,dry,182
Cake,processed,106,338,43.98975060258067,5.34110644510506,2.1380849113050004,2.273683494658976,26.716140507240038,9.34041271986451,2.4698257435531685,1.5312801770187647,34,265,8,3,5,16,94,5,9,8,ambient,73
Hot Dog,processed,125,399,41.89855962710639,21.13896782954383,0.570912372541599,6.672196759991886,22.422381863250315,9.011503926189548,11.090892323482068,1.66785528667499,45,229,9,1,3,18,229,4,8,6,ambient,148
Veal,meat,141,300,0.0,0.0,0.0,27.770738617208096,22.010663222345688,5.182958655248113,7.876992031580966,0.03662274288592254,99,85,4,0,5,15,385,8,8,9,frozen,337
Millet,cereals,37,333,26.80979427202207,17.512685008924496,9.447978985690028,11.706630514176874,2.1234217814010723,0.2803348888728201,0.867930210676956,0.0,2,236,1,5,13,5,52,6,8,8,dry,205
Spinach,vegetables,102,18,11.148443194808952,7.143171322444175,3.65873605527669,4.674139963798613,0.35156294132095434,0.016214864996472535,0.09292255725521599,0.0,0,21,84,48,5,16,281,9,9,8,refrigerated,17
Rye Bread,cereals,36,200,36.801428624166135,13.3945710769181,4.229977350456909,8.008893334489656,4.536463833198181,1.4157820030009534,0.9346144439530113,0.0,2,284,9,1,9,49,231,9,7,9,dry,350
Black Beans,legumes,107,207,18.849290962615786,2.0537123494462337,6.680266702396301,18.574749181454276,4.739687906614568,1.1088520254187444,2.373587684302509,0.0,0,9,3,11,7,26,317,9,7,7,dry,270
Kiwi,fruits,123,133,26.793435619111797,22.461521669349075,2.641010233600121,0.5302695745991449,0.7452499534634173,0.24540665501492182,0.6658649891718726,0.0,0,1,23,128,5,5,318,8,9,9,refrigerated,17
Spinach,vegetables,136,18,14.36085808194864,9.29378732442518,7.327872635478398,1.0303906627002672,0.2773850187250799,0.15614548806263345,0.4611374892803078,0.0,0,49,139,102,27,10,572,9,9,10,refrigerated,20
Crab,fish,108,248,0.0,0.0,0.0,25.018075674709156,15.669985134339504,2.0191273741873266,13.139969078482236,0.0,64,112,6,5,5,20,392,7,7,9,frozen,266
Cake,processed,72,337,42.148059179839166,14.2736254851925,0.6328277685890711,2.7546235980506206,19.23520545914142,8.249988866988566,3.4845895280794608,0.3864879063314004,5,391,8,2,13,17,51,3,8,5,ambient,61
Kale,vegetables,146,13,4.272259703301916,3.6659025202391673,5.339027542808907,2.8257365155481233,0.8384507085508832,0.006972521918556774,0.2631050144214636,0.0,0,21,136,70,27,14,563,7,9,10,refrigerated,28
Ham,meat,122,338,0.0,0.0,0.0,26.174385315473845,7.889109054217453,2.0159970208635594,9.142625485749477,0.05138736983720321,86,136,0,0,4,16,364,6,7,9,frozen,328
Crab,fish,165,279,0.0,0.0,0.0,18.655868658778434,9.098319886992268,2.1267178159617792,8.332101454704592,0.0,43,101,7,4,10,8,340,7,6,8,frozen,259
Mackerel,fish,103,232,0.0,0.0,0.0,21.932819334206147,17.262484830013772,1.5087214268903422,5.344519701185257,0.0,69,136,13,1,10,18,304,9,9,7,frozen,269
Pork Chop,meat,193,181,0.0,0.0,0.0,34.29133003973479,19.557393687033876,8.997598569722374,9.870888380881471,0.3939826906712588,68,55,6,0,5,22,482,7,6,9,frozen,352
Lard,fats_oils,18,209,0.0,0.0,0.0,0.0,19.81868273505253,8.8237054700012,14.812541200468942,0.10604433495555234,5,24,0,0,0,5,32,8,9,7,ambient,114
Quinoa,cereals,37,170,68.47120876774059,12.224664281470387,6.463013893699304,9.234610648759887,4.1938721931387395,1.079530048873096,0.669532537423984,0.0,1,297,0,3,10,21,207,9,7,8,dry,193
Bran Cereal,cereals,44,319,67.77161546991232,8.321215051655184,7.709143288399137,7.273549558327183,4.8897451559330465,1.2936867477465999,2.0320428502148324,0.0,3,250,6,4,19,15,92,5,7,9,dry,191
Kale,vegetables,114,22,10.284223139144943,2.028797457939361,5.146520493867305,2.2938443537608313,0.2104681364523759,0.16878231369067004,0.3787903251348168,0.0,0,44,32,103,15,8,444,9,9,9,refrigerated,28
Peanut Oil,fats_oils,18,249,0.0,0.0,0.0,0.0,20.108427170261386,10.735497827349961,16.366935668717073,0.2022857972061201,1,93,0,0,2,0,6,6,8,9,ambient,90
Pineapple,fruits,190,75,20.800711899593058,10.116977760883877,5.041073927163933,1.8248252572097197,0.3665911024069797,0.19842751563116423,0.4511985811252099,0.0,0,2,9,34,3,9,422,10,9,10,refrigerated,14
Rye Bread,cereals,60,300,64.56801316955475,17.062432252331014,8.497182633189837,4.24344026433653,1.2051520287955813,1.123276552822132,1.1225717739278414,0.0,5,218,14,7,13,13,118,5,7,8,dry,259
Butter,fats_oils,17,225,0.0,0.0,0.0,0.0,19.617660454331848,12.581110871979009,14.719727220200681,0.12144730036032376,4,17,10,0,2,2,20,5,10,7,ambient,178
Trout,fish,165,282,0.0,0.0,0.0,18.512128492462296,19.847036423375073,1.519164230920083,7.603015308649574,0.0,80,131,10,4,0,19,331,8,7,7,frozen,122
Beef Steak,meat,130,365,0.0,0.0,0.0,30.96606002847104,23.318518146004063,10.272491921780286,14.580493602870234,0.30201604325789394,116,78,0,0,2,16,335,7,9,9,frozen,92
Potato Chips,processed,98,492,40.014967272606064,19.894434135211718,0.6266659006001785,1.8136430970108632,19.071176651323313,4.794969029226199,2.7417633107930763,1.3075501538776622,24,392,0,4,13,4,298,6,7,6,ambient,77
Parmesan,dairy,198,285,6.659178690886975,8.855638543997076,0.0,14.463656645221118,18.1870193613074,4.263784418609875,1.570708697485812,0.11730279774726853,34,66,24,1,32,1,298,5,10,6,refrigerated,7
Lentils,legumes,119,231,28.76802321812371,7.9837045650999015,13.645059179317682,14.178755658574211,8.132462014907928,1.0063810813077214,7.165005799844298,0.0,0,37,4,14,13,24,561,8,8,9,dry,200
Veal,meat,158,264,0.0,0.0,0.0,28.302793707070037,11.088727567786194,10.741654277736101,10.976669195773368,0.17691841019349958,92,97,7,0,5,29,323,8,6,9,frozen,149
Sweet Potato,vegetables,137,33,19.775796085851567,5.8274567531654595,3.3245780750179925,2.7828553347597005,0.277552128828381,0.13125660338901213,0.49715956973201075,0.0,0,26,1,60,15,10,147,7,8,9,refrigerated,26
Burger,processed,109,385,51.92263977733202,27.159632687687246,1.456888086539095,9.800095625632974,26.713762083085868,11.544116417361531,2.6521274571360793,1.1723707225971094,28,643,7,4,5,15,193,4,7,5,ambient,165
Oats,cereals,83,324,24.354128393042654,12.16893330143367,6.73111753849759,8.20016688456678,1.9332775835192333,1.1766743635463934,1.5001325821137892,0.0,1,189,11,9,19,9,131,8,8,6,dry,242
Banana,fruits,154,90,32.829442011669244,13.0590342224518,6.548001943333523,1.7846803483948257,0.16508514837834226,0.07311150505335075,0.38525341413535025,0.0,0,4,5,102,1,9,356,9,9,7,refrigerated,12
Lentils,legumes,119,121,37.2118788793953,7.765139664208295,12.51844632606954,11.879385696530454,6.456511756863671,1.471259381250996,4.258813297016449,0.0,0,38,10,9,12,24,329,7,10,7,dry,221
Millet,cereals,42,164,35.040818714822365,7.416358823430962,5.273528821740271,11.538982735183906,3.442325169394651,0.6709539665341805,2.772057494119175,0.0,3,125,1,5,8,13,241,7,10,9,dry,322
Millet,cereals,51,160,32.597178668914744,19.163729965253747,5.338688578554435,9.062566041355145,0.5028594981649828,0.12131857242729992,2.3378855049198406,0.0,3,38,6,5,18,26,148,5,9,8,dry,200
Yogurt,dairy,247,172,6.551443894028752,10.649319111026838,0.0,21.453285506210293,18.32310256703517,11.901897503318303,0.9141579954743984,0.29263260086745163,36,63,20,3,35,1,335,9,10,9,refrigerated,22
Mozzarella,dairy,211,137,7.873556476161035,2.836249826127984,0.0,6.177182094382805,4.699867646259725,9.48648133858157,3.295814821878556,0.1552479750858321,10,102,12,1,28,1,294,5,8,9,refrigerated,22
Millet,cereals,60,307,48.97951642561896,15.971850458683267,5.6678201905317,2.393208943524108,1.9054906083139098,1.247999847893078,1.287418236916365,0.0,3,207,5,1,0,31,51,7,9,8,dry,288
Pinto Beans,legumes,108,191,31.441010118588192,2.477615339191024,8.340380179919393,14.175372515650622,4.634934563373083,1.0234257477647892,3.4036771952669858,0.0,0,14,9,7,8,25,467,5,7,7,dry,205
Lettuce,vegetables,119,10,13.077665046514785,3.3821581158776115,5.259266129109358,4.33954590537205,0.421489101614391,0.14689945188089684,0.404201819633899,0.0,0,13,60,31,22,14,410,7,8,7,refrigerated,8
Pinto Beans,legumes,147,213,37.43988815705303,4.8641960382715945,6.856819829795526,17.21717404365691,9.731583059417664,0.24506109304642498,3.1873112025181496,0.0,0,5,10,1,13,24,520,9,7,9,dry,231
Tuna,fish,190,202,0.0,0.0,0.0,29.103628605461317,13.045116514358883,2.2654678926470977,11.92955263208171,0.0,72,67,2,4,9,7,543,7,6,6,frozen,298
Tuna,fish,188,194,0.0,0.0,0.0,28.550772870381213,9.222937945919655,1.347827793770064,8.394359164733432,0.0,88,102,11,1,4,10,461,8,6,6,frozen,154
Millet,cereals,75,239,18.98382138274273,10.447316525108121,9.365141945317278,2.4450647358565996,4.482212800728789,1.283318707829692,0.6062217857018706,0.0,5,82,2,9,5,24,281,9,10,8,dry,210
Potato Chips,processed,35,261,28.61778191710593,28.847362059059076,1.1936283860104355,6.334500747393514,23.686460773123855,14.658264231972929,11.904705038836587,1.37559117717463,43,384,9,5,14,16,289,6,8,8,ambient,72
Quinoa,cereals,61,332,41.24285154543472,11.31832902955089,9.520528592686848,7.093578749184095,4.644127814016815,0.3970736314605895,2.9450827463828824,0.0,1,61,4,5,15,10,124,6,8,6,dry,318
Black Beans,legumes,123,175,36.06280804417156,2.7476818029524175,12.23709414921597,11.743956614831546,7.824116781373777,0.6450502862163291,7.008445869098065,0.0,0,15,9,3,6,13,300,7,10,6,dry,279
Cookies,processed,109,489,52.02986556389557,36.290426096224444,0.47939798530522015,9.062926967318493,29.636609066791593,11.321319007647855,8.783972100035758,1.0372595578902999,34,271,1,4,15,19,293,4,9,8,ambient,77
Cream,dairy,223,221,10.119921363525329,11.948856934382102,0.0,10.459731213185123,18.5988969654335,5.446821457124172,4.427126723367509,0.07661235737019013,14,146,21,1,27,5,151,5,8,6,refrigerated,14
Pizza,processed,132,261,29.053496570784535,33.70204112276605,0.04266302611401407,6.215064838709695,11.530583781552979,14.187643139360741,7.4978047018559995,1.6840879897908303,1,654,10,3,9,9,125,6,7,6,ambient,135
Apple,fruits,134,114,15.780309067301678,18.722406262940464,3.3629578032668963,1.7869727638826611,0.4162769239881853,0.07088666683718087,0.40766697521992734,0.0,0,4,8,147,5,7,396,8,8,10,refrigerated,17
Bran Cereal,cereals,63,159,22.606328573167275,11.097661787373562,2.1697567428461024,2.8952569090991513,1.9246202108735582,0.9323781276204041,1.542924623800269,0.0,4,144,8,8,18,23,169,9,8,9,dry,287
Margarine,fats_oils,19,238,0.0,0.0,0.0,0.0,13.433119253258154,10.710407274002902,20.22527729966442,0.18656494055091774,17,7,4,0,2,5,43,6,10,7,ambient,163
